{
	"results":[
		{
			"gender":"female","name":{"title":"Mrs","first":"Violet","last":"Kuhn"},"location":{"street":{"number":8285,"name":"Walnut Hill Ln"},"city":"Visalia","state":"Ohio","country":"United States","postcode":53239,"coordinates":{"latitude":"-45.3377","longitude":"42.5499"},"timezone":{"offset":"-6:00","description":"Central Time (US & Canada), Mexico City"}},"email":"violet.kuhn@example.com","login":{"uuid":"f853defb-7fbb-4f79-ad29-03bdfc060e38","username":"orangebear322","password":"bigdog","salt":"9UR8EIxY","md5":"e369d96812e39eb3b46e66201bbc6aec","sha1":"1a1198962902465b93d6c3ea43d36507560587c3","sha256":"f8fef74521867bcae71562dc96d183be289daf182dd26dd266ab8219349318b2"},"dob":{"date":"1986-08-29T02:57:58.664Z","age":35},"registered":{"date":"2018-11-23T16:41:09.752Z","age":3},"phone":"(804) 292-5207","cell":"(672) 553-5389","id":{"name":"SSN","value":"354-54-7329"},"picture":{"large":"https://randomuser.me/api/portraits/women/92.jpg","medium":"https://randomuser.me/api/portraits/med/women/92.jpg","thumbnail":"https://randomuser.me/api/portraits/thumb/women/92.jpg"},"nat":"US"
		},
		{
			"gender":"male","name":{"title":"Mr","first":"Bruce","last":"Porter"},"location":{"street":{"number":512,"name":"W Pecan St"},"city":"Baton Rouge","state":"Texas","country":"United States","postcode":81396,"coordinates":{"latitude":"-47.4412","longitude":"-170.5169"},"timezone":{"offset":"-7:00","description":"Mountain Time (US & Canada)"}},"email":"bruce.porter@example.com","login":{"uuid":"c9c37968-6df6-4c70-8245-6f70c3d8d168","username":"yellowdog156","password":"penthous","salt":"lrMuPGUg","md5":"6c9c6cc4747378f29e3069bdf4a87b8c","sha1":"fe2f64841952db62ff803ca0e6c1e1b522b588b6","sha256":"a19b630dd9e0cce2b950ec64b2388d4461d7f966cdce018728f192815eca4b92"},"dob":{"date":"1987-03-20T13:03:05.407Z","age":35},"registered":{"date":"2008-03-20T07:48:41.199Z","age":14},"phone":"(341) 735-2498","cell":"(528) 292-1381","id":{"name":"SSN","value":"548-03-8043"},"picture":{"large":"https://randomuser.me/api/portraits/men/32.jpg","medium":"https://randomuser.me/api/portraits/med/men/32.jpg","thumbnail":"https://randomuser.me/api/portraits/thumb/men/32.jpg"},"nat":"US"
		},
		{
			"gender":"male","name":{"title":"Mr","first":"Darren","last":"Snyder"},"location":{"street":{"number":493,"name":"Eason Rd"},"city":"Tucson","state":"South Dakota","country":"United States","postcode":94721,"coordinates":{"latitude":"-15.0588","longitude":"8.3603"},"timezone":{"offset":"-10:00","description":"Hawaii"}},"email":"darren.snyder@example.com","login":{"uuid":"7c53ef41-b20e-41dc-a495-a8c1af21b452","username":"goldenkoala471","password":"borussia","salt":"i7aPR3eT","md5":"15b1edf1e9909b0b34f91e5a5d5f1b5b","sha1":"35f0528b5320686fbf6cc799ac74a2fca113b014","sha256":"85fe70bdfcfb5f1282f6de3b6d3ec2e6b2971d646c04bbc7b6a30083f5f7edfc"},"dob":{"date":"2000-04-07T11:48:17.624Z","age":22},"registered":{"date":"2016-08-29T09:55:23.267Z","age":5},"phone":"(457) 498-9363","cell":"(564) 589-5573","id":{"name":"SSN","value":"753-57-9283"},"picture":{"large":"https://randomuser.me/api/portraits/men/65.jpg","medium":"https://randomuser.me/api/portraits/med/men/65.jpg","thumbnail":"https://randomuser.me/api/portraits/thumb/men/65.jpg"},"nat":"US"
		},
		{
			"gender":"female","name":{"title":"Mrs","first":"Chloe","last":"Barnes"},"location":{"street":{"number":8085,"name":"Wycliff Ave"},"city":"Seattle","state":"Nevada","country":"United States","postcode":37888,"coordinates":{"latitude":"-14.5780","longitude":"-140.1143"},"timezone":{"offset":"-3:30","description":"Newfoundland"}},"email":"chloe.barnes@example.com","login":{"uuid":"a5937fd6-3c1e-4425-9287-d16d074d63d1","username":"heavyduck254","password":"castle","salt":"n84ju46e","md5":"a8b9e74f8b8542c6b09162a9e39481b7","sha1":"c748bc47f1b7067ccf8ac33b0efd124272a01969","sha256":"232e653c48b9eeef715ee38f5c1e25f31fd6fe9c0ab00a4beb2a1118cae93962"},"dob":{"date":"1999-09-15T15:19:07.137Z","age":22},"registered":{"date":"2007-02-28T08:03:27.087Z","age":15},"phone":"(309) 515-1564","cell":"(360) 598-5048","id":{"name":"SSN","value":"211-21-0990"},"picture":{"large":"https://randomuser.me/api/portraits/women/46.jpg","medium":"https://randomuser.me/api/portraits/med/women/46.jpg","thumbnail":"https://randomuser.me/api/portraits/thumb/women/46.jpg"},"nat":"US"
		},
		{
			"gender":"female","name":{"title":"Ms","first":"Pauline","last":"Wallace"},"location":{"street":{"number":1036,"name":"Plum St"},"city":"Waco","state":"Arkansas","country":"United States","postcode":32662,"coordinates":{"latitude":"-81.1293","longitude":"-94.4271"},"timezone":{"offset":"+11:00","description":"Magadan, Solomon Islands, New Caledonia"}},"email":"pauline.wallace@example.com","login":{"uuid":"ecf2f0ab-d1b2-4576-bba5-8c5fef5946a6","username":"beautifulgorilla621","password":"blue32","salt":"Idx9texA","md5":"7e4875456fa5a976cf2ba841adad7206","sha1":"c94bc5e02ba7a975b454f44939becab60dbd9e0b","sha256":"b2948b343a2e96a408ca42bebfc7e6ab7d81170e962787b809c07bc8be8345e0"},"dob":{"date":"1998-01-04T22:41:33.842Z","age":24},"registered":{"date":"2018-12-17T11:19:02.631Z","age":3},"phone":"(361) 386-2912","cell":"(686) 367-2124","id":{"name":"SSN","value":"139-23-5539"},"picture":{"large":"https://randomuser.me/api/portraits/women/86.jpg","medium":"https://randomuser.me/api/portraits/med/women/86.jpg","thumbnail":"https://randomuser.me/api/portraits/thumb/women/86.jpg"},"nat":"US"
		},
		{
			"gender":"male","name":{"title":"Mr","first":"Fred","last":"Coleman"},"location":{"street":{"number":1536,"name":"Blossom Hill Rd"},"city":"Steilacoom","state":"Nebraska","country":"United States","postcode":89699,"coordinates":{"latitude":"-4.3453","longitude":"126.1613"},"timezone":{"offset":"-3:30","description":"Newfoundland"}},"email":"fred.coleman@example.com","login":{"uuid":"f98b5b96-9bf3-4d58-8307-4cfd843fe25e","username":"tinypeacock698","password":"green123","salt":"aDu9QQGj","md5":"b187c17bb0d89687c5aa1e59e47321c1","sha1":"97da26c13b4c1f1e52eef47cdeeed040e8dfbff0","sha256":"d5a4f487e00260b24d5dd84f2d7bf703278f7d0f827ea5a18e1603e9d15b086e"},"dob":{"date":"1967-01-31T18:04:03.596Z","age":55},"registered":{"date":"2002-05-24T17:55:09.063Z","age":20},"phone":"(823) 961-3003","cell":"(416) 690-5162","id":{"name":"SSN","value":"167-75-2420"},"picture":{"large":"https://randomuser.me/api/portraits/men/66.jpg","medium":"https://randomuser.me/api/portraits/med/men/66.jpg","thumbnail":"https://randomuser.me/api/portraits/thumb/men/66.jpg"},"nat":"US"
		},
		{
			"gender":"male","name":{"title":"Mr","first":"Carl","last":"Reynolds"},"location":{"street":{"number":1838,"name":"Ranchview Dr"},"city":"Kent","state":"Alabama","country":"United States","postcode":84520,"coordinates":{"latitude":"76.8196","longitude":"-156.3038"},"timezone":{"offset":"-2:00","description":"Mid-Atlantic"}},"email":"carl.reynolds@example.com","login":{"uuid":"3732f373-0f72-4828-a62b-06fd807d3223","username":"purpletiger376","password":"kyle","salt":"mdU0FjsU","md5":"ac25d41fcf9339d223b4806d0cc3abff","sha1":"aecb114acff7b79fd9f0282744526a1c257501a2","sha256":"3d91efea8f0e88b00c1b26f85587c922ee65f69569ea7b410a07684575d0901f"},"dob":{"date":"1977-12-31T10:49:50.594Z","age":44},"registered":{"date":"2018-05-19T20:39:32.472Z","age":4},"phone":"(351) 468-6729","cell":"(707) 458-7426","id":{"name":"SSN","value":"335-89-7167"},"picture":{"large":"https://randomuser.me/api/portraits/men/66.jpg","medium":"https://randomuser.me/api/portraits/med/men/66.jpg","thumbnail":"https://randomuser.me/api/portraits/thumb/men/66.jpg"},"nat":"US"
		},
		{
			"gender":"female","name":{"title":"Mrs","first":"Melanie","last":"Murphy"},"location":{"street":{"number":4902,"name":"Marsh Ln"},"city":"Princeton","state":"Iowa","country":"United States","postcode":39458,"coordinates":{"latitude":"-67.9615","longitude":"-178.7396"},"timezone":{"offset":"+2:00","description":"Kaliningrad, South Africa"}},"email":"melanie.murphy@example.com","login":{"uuid":"fe049cef-f1af-4148-86f5-1662169fde3b","username":"bigkoala318","password":"long","salt":"Ujo3vGNo","md5":"918d191448a6f4d3badeadd853f87fd9","sha1":"310c28a0e7a9a8348f039a82161419ba387038e7","sha256":"e980199356c5ee3e0f0f0d7fa2b79950ec37d22dc92dbbfd3fdd8fd0b62ca74e"},"dob":{"date":"1989-05-30T14:21:26.992Z","age":33},"registered":{"date":"2020-03-22T19:08:53.500Z","age":2},"phone":"(681) 635-6710","cell":"(780) 787-1877","id":{"name":"SSN","value":"773-02-2041"},"picture":{"large":"https://randomuser.me/api/portraits/women/29.jpg","medium":"https://randomuser.me/api/portraits/med/women/29.jpg","thumbnail":"https://randomuser.me/api/portraits/thumb/women/29.jpg"},"nat":"US"
		},
		{
			"gender":"female","name":{"title":"Ms","first":"Elizabeth","last":"Vargas"},"location":{"street":{"number":1937,"name":"Frances Ct"},"city":"Providence","state":"South Carolina","country":"United States","postcode":63869,"coordinates":{"latitude":"-60.9146","longitude":"-125.4789"},"timezone":{"offset":"-10:00","description":"Hawaii"}},"email":"elizabeth.vargas@example.com","login":{"uuid":"da3f238d-a3ac-4324-a25f-34895ec05252","username":"organicgoose105","password":"exodus","salt":"2eWTEIXO","md5":"af43834280f53c9008f83c3fbb38289a","sha1":"e85afb0a2112a43094c66c5497950de007e4c748","sha256":"24160fe2e86c78852ff2717d534fbb6d8465186298a86ab39e25f2b5b0379112"},"dob":{"date":"1978-07-09T10:24:39.277Z","age":44},"registered":{"date":"2007-07-29T18:02:34.962Z","age":15},"phone":"(677) 587-8437","cell":"(229) 297-3085","id":{"name":"SSN","value":"800-13-8248"},"picture":{"large":"https://randomuser.me/api/portraits/women/93.jpg","medium":"https://randomuser.me/api/portraits/med/women/93.jpg","thumbnail":"https://randomuser.me/api/portraits/thumb/women/93.jpg"},"nat":"US"
		},
		{
			"gender":"female","name":{"title":"Ms","first":"Amber","last":"Olson"},"location":{"street":{"number":5846,"name":"Brown Terrace"},"city":"Madison","state":"Florida","country":"United States","postcode":38967,"coordinates":{"latitude":"-82.8350","longitude":"130.2435"},"timezone":{"offset":"-3:30","description":"Newfoundland"}},"email":"amber.olson@example.com","login":{"uuid":"8e075fab-826e-4ca6-8ad4-5e92401541a9","username":"angrycat676","password":"redsox","salt":"xhLhwopj","md5":"24aca72957acc758a0d1e59031a88696","sha1":"551209da9d878a1830a2d44e08181a577f723b0c","sha256":"e090a8e1bd09d2cab5c367e83a8eb6d5955c618a24ef8226db98ef574a815591"},"dob":{"date":"1998-12-14T10:25:33.505Z","age":23},"registered":{"date":"2010-12-19T03:38:39.966Z","age":11},"phone":"(999) 203-2273","cell":"(628) 497-9121","id":{"name":"SSN","value":"732-98-0578"},"picture":{"large":"https://randomuser.me/api/portraits/women/95.jpg","medium":"https://randomuser.me/api/portraits/med/women/95.jpg","thumbnail":"https://randomuser.me/api/portraits/thumb/women/95.jpg"},"nat":"US"
		}],
	"info":{
		"seed":"df27615f97661362",
		"results":10,
		"page":1,
		"version":"1.4"
	}
}